{
  "users": [
    {
      "id": 1,
      "firstName": "John",
      "lastName": "Doe",
      "phone": "1234567890"
    },
    {
      "id": 2,
      "firstName": "Jane",
      "lastName": "Doe",
      "phone": "0987654321"
    }
  ],
  "items": [
    {
      "id": 1,
      "name": "Laptop",
      "description": "A powerful laptop",
      "owner": 1
    },
    {
      "id": 2,
      "name": "Phone",
      "description": "A smartphone",
      "owner": 2
    },
    {
      "itemName": "item 2",
      "itemDescription": "Description 22",
      "category": "Household Items",
      "dateRange": "18-12-2024",
      "imageUrl": "uploads\\b3748689d79bc47e68d6233c6b8f0fad",
      "_id": "67598ecad6e581936379dfab",
      "__v": 0
    },
    {
      "itemName": "item 1",
      "itemDescription": "Description 1",
      "category": "electronics",
      "dateRange": "20-12-2024",
      "imageUrl": "uploads\\f7d27baa0fdbeaa939b66dfa6b2bf73e",
      "_id": "67599d45d6e581936379dfad",
      "__v": 0
    },
    {
      "itemName": "Shahad Item",
      "itemDescription": "Shahad Description",
      "category": "Sports & Fitness",
      "dateRange": "27-12-2024 to 29-08-2025",
      "imageUrl": "uploads\\f27018e4244d26b46efae52df373635c",
      "_id": "6759a0142792ef4fef8d42e7",
      "__v": 0
    },
    {
      "itemName": "item number 1",
      "itemDescription": "Description number 1",
      "category": "electronics",
      "dateRange": "11-12-2024",
      "imageUrl": "uploads\\1677e1a4c54ad299e12f9b12e9aeac54",
      "_id": "6759e5cfe682e1eae47f65a3",
      "__v": 0
    },
    {
      "itemName": "item number 2",
      "itemDescription": "Description number 2",
      "category": "electronics",
      "dateRange": "19-12-2024",
      "imageUrl": "uploads\\3145933dab1d96724e7cd7dfe3aaf3ca",
      "_id": "6759e5f0e682e1eae47f65a5",
      "__v": 0
    },
    {
      "itemName": "item number 22",
      "itemDescription": "Description number 22",
      "category": "Sports & Fitness",
      "dateRange": "26-12-2024",
      "imageUrl": "uploads\\5bed778494899ceb493cc9b659626f47",
      "_id": "6759e615e682e1eae47f65a7",
      "__v": 0
    },
    {
      "itemName": "item number 223",
      "itemDescription": "Description number 223",
      "category": "Sports & Fitness",
      "dateRange": "27-12-2024",
      "imageUrl": "uploads\\2bea2d18acba92ac32e7893032d71b43",
      "_id": "6759e640e682e1eae47f65a9",
      "__v": 0
    },
    {
      "itemName": "games 1",
      "itemDescription": "games 1",
      "category": "Games",
      "dateRange": "25-12-2024",
      "imageUrl": "uploads\\272a801073ac57d3d0fc4490092246dc",
      "_id": "6759e68ee682e1eae47f65ab",
      "__v": 0
    },
    {
      "itemName": "games 11",
      "itemDescription": "games 11",
      "category": "Games",
      "dateRange": "29-12-2024",
      "imageUrl": "uploads\\d0975961ad4aecd63b4b8fd21d0cc8a2",
      "_id": "6759e6abe682e1eae47f65ad",
      "__v": 0
    },
    {
      "itemName": "electronic 13",
      "itemDescription": "electronic 1",
      "category": "electronics",
      "dateRange": "11-12-2024",
      "imageUrl": "uploads\\448d049eee610cb3d64d6f3609254b6b",
      "_id": "6759e752d247080618e5d634",
      "__v": 0
    },
    {
      "itemName": "TV",
      "itemDescription": "Old TV",
      "category": "electronics",
      "dateRange": "18-12-2024",
      "imageUrl": "uploads\\fffdc39087cf4a893b7abcc58f73966d",
      "_id": "6759e7cf74fc3199db08752a",
      "__v": 0
    },
    {
      "itemName": "TV",
      "itemDescription": "Radio",
      "category": "electronics",
      "dateRange": "25-12-2024",
      "imageUrl": "uploads\\43877e3ecf8e2e9944feb591a5eb0d2b",
      "_id": "6759e7e474fc3199db08752c",
      "__v": 0
    },
    {
      "itemName": "Amplifier",
      "itemDescription": "TV Amplifier",
      "category": "electronics",
      "dateRange": "26-12-2024",
      "imageUrl": "uploads\\98e1f59f78fb5842d7dd0d63651865c6",
      "_id": "6759e80874fc3199db08752e",
      "__v": 0
    },
    {
      "itemName": "PS4",
      "itemDescription": "old PS4 with CDs",
      "category": "Games",
      "dateRange": "30-12-2024",
      "imageUrl": "uploads\\0fb1d5cf3fd31b7990413fc5a0e9a390",
      "_id": "6759e83074fc3199db087530",
      "__v": 0
    },
    {
      "itemName": "PS4 MICs",
      "itemDescription": "old PS4 MICs with hands holder",
      "category": "Games",
      "dateRange": "28-12-2024",
      "imageUrl": "uploads\\8a72509eaebc4a2f8fcc46e9b7a1135e",
      "_id": "6759e86574fc3199db087532",
      "__v": 0
    },
    {
      "itemName": "Hair drier",
      "itemDescription": "Hair drier 220W",
      "category": "electronics",
      "dateRange": "19-12-2024",
      "imageUrl": "uploads\\017d7f71335f7ecfd7bb1b2ed82bccd3",
      "_id": "6759ea2574fc3199db087539",
      "__v": 0
    },
    {
      "itemName": "UNO",
      "itemDescription": "UNO card game",
      "category": "Games",
      "dateRange": "18-12-2024",
      "imageUrl": "uploads\\18820d1a2d743d443185c6ee5d18626c",
      "_id": "6759eb9374fc3199db08756d",
      "__v": 0
    },
    {
      "itemName": "Elec 1",
      "itemDescription": "Elec1 description",
      "category": "electronics",
      "dateRange": "25-12-2024",
      "imageUrl": "uploads\\3ca1465b38c018571c2eefd2ca2cf7a7",
      "_id": "675a55fa9438788241d9442f",
      "__v": 0
    },
    {
      "itemName": "Game1",
      "itemDescription": "Game1 description",
      "category": "Games",
      "dateRange": "13-12-2024",
      "imageUrl": "uploads\\50022cb656bdeec0aa87a226e1d1e2b8",
      "_id": "675a56269438788241d94431",
      "__v": 0
    },
    {
      "itemName": "House Hold 1",
      "itemDescription": "House Hold 1 description",
      "category": "Household Items",
      "dateRange": "26-12-2024",
      "imageUrl": "uploads\\c52c63ce62c06899b12bbe74cacce62b",
      "_id": "675a56559438788241d94433",
      "__v": 0
    },
    {
      "itemName": "House Hold 2",
      "itemDescription": "House Hold 2 description",
      "category": "Household Items",
      "dateRange": "25-12-2024",
      "imageUrl": "uploads\\f6c62f7241fd28813e05735e7623b330",
      "_id": "675a566e9438788241d94435",
      "__v": 0
    },
    {
      "itemName": "electronic 13",
      "itemDescription": "Elec 13 description",
      "category": "electronics",
      "dateRange": "24-12-2024",
      "imageUrl": "uploads\\7759c0783c178a147616fa796d308f09",
      "_id": "675a57069438788241d94445",
      "__v": 0
    },
    {
      "itemName": "stationery 1",
      "itemDescription": "stationery 1 description",
      "category": "Stationery & Supplies",
      "dateRange": "19-12-2024",
      "imageUrl": "uploads\\e2f313491789c8fa0585efe16f9ea5a7",
      "_id": "675a579d9438788241d94453",
      "__v": 0
    },
    {
      "itemName": "elec item",
      "itemDescription": "elec item item  description",
      "category": "electronics",
      "dateRange": "25-12-2024",
      "imageUrl": "uploads\\f75d43f261acbbf09e8eb4b387f7956b",
      "_id": "675a58089438788241d9445c",
      "__v": 0
    },
    {
      "itemName": "sport 1",
      "itemDescription": "sport item  description",
      "category": "Sports & Fitness",
      "dateRange": "17-12-2024",
      "imageUrl": "uploads\\0dffbbb5cbe5753b94370d13d4b176b6",
      "_id": "675a58839438788241d94466",
      "__v": 0
    },
    {
      "itemName": "stationary and supplies",
      "itemDescription": "stationary and supplies   description",
      "category": "Stationery & Supplies",
      "dateRange": "26-12-2024",
      "imageUrl": "uploads\\39467afc280549321e96cad2acb120ab",
      "_id": "675a5a009438788241d94478",
      "__v": 0
    },
    {
      "itemName": "electronic 11",
      "itemDescription": "electronic 11 description",
      "category": "electronics",
      "dateRange": "19-12-2024",
      "imageUrl": "uploads\\60472af25945337181d11eb3c27f60bf",
      "_id": "675a5a579438788241d9447d",
      "__v": 0
    },
    {
      "itemName": "electronic 9",
      "itemDescription": "electronic9 description",
      "category": "electronics",
      "dateRange": "26-12-2024",
      "imageUrl": "uploads\\61e714c5d34e26c0974eecc0d00fc1ad",
      "_id": "675a5ab19438788241d94483",
      "__v": 0
    },
    {
      "itemName": "Elec item 999",
      "itemDescription": "Elec item 999 description",
      "category": "Electronics",
      "dateRange": "25-12-2024",
      "imageUrl": "uploads\\222e650d8e3ed4700e4a097328ede3c8",
      "_id": "675a649b9b5964aae73afcba",
      "__v": 0
    },
    {
      "itemName": "Elec item888",
      "itemDescription": "Elec item888 description",
      "category": "Electronics",
      "dateRange": "25-12-2024",
      "imageUrl": "uploads\\7fd8c3f715696ef6d64d47d0867481c4",
      "_id": "675a65659b5964aae73afcbd",
      "__v": 0
    },
    {
      "itemName": "Elec item 777",
      "itemDescription": "Elec item 777 description",
      "category": "Electronics",
      "dateRange": "31-12-2024",
      "imageUrl": "uploads\\4096562c228d15e19653951e4701e8bd",
      "_id": "675a657f9b5964aae73afcbf",
      "__v": 0
    },
    {
      "itemName": "Elec item 666",
      "itemDescription": "Elec item 666 description",
      "category": "Electronics",
      "dateRange": "24-12-2024",
      "imageUrl": "uploads\\ea78b384dcdd3975825d21dc5b2aa75d",
      "_id": "675a65969b5964aae73afcc1",
      "__v": 0
    },
    {
      "itemName": "Elec item 222",
      "itemDescription": "Elec item 666 description",
      "category": "Electronics",
      "dateRange": "19-12-2024",
      "imageUrl": "uploads\\e9546bb9d7211a08bc7291d51448d466",
      "_id": "675a67f26e236b864ad805b6",
      "__v": 0
    },
    {
      "itemName": "Games 1",
      "itemDescription": "Games description",
      "category": "Games",
      "dateRange": "25-12-2024",
      "imageUrl": "uploads\\7e835809aa6168c7101131183517a1a2",
      "_id": "675a78a93631e7132774cd28",
      "__v": 0
    },
    {
      "itemName": "Boos",
      "itemDescription": "Books and Materials",
      "category": "Books & Study Materials",
      "dateRange": "18-12-2024",
      "imageUrl": "uploads\\922179addef16681ed0facf7a4634b2f",
      "_id": "675a7992c0bc2b246ca36b11",
      "__v": 0
    },
    {
      "itemName": "Books 2",
      "itemDescription": "Books and Materials",
      "category": "Books & Study Materials",
      "dateRange": "19-12-2024",
      "imageUrl": "uploads\\f4348c1561103d10707a32ec1638ded5",
      "_id": "675a79bcc0bc2b246ca36b14",
      "__v": 0
    },
    {
      "itemName": "Games item",
      "itemDescription": "Games description",
      "category": "Games",
      "dateRange": "19-12-2024",
      "imageUrl": "uploads\\67aff706d5d9808028be1dd7ea258dcc",
      "_id": "675a85289a219d42f51370ec",
      "__v": 0
    },
    {
      "itemName": "Game name",
      "itemDescription": "Game name description",
      "category": "Games",
      "dateRange": "29-12-2024",
      "imageUrl": "uploads\\615e5e9fa0efe41890ace5b32c8cd3de",
      "_id": "675a85cd2704fd3a67918da0",
      "__v": 0
    },
    {
      "itemName": "jude",
      "itemDescription": "jude",
      "category": "Sports & Fitness",
      "dateRange": "18-12-2024",
      "imageUrl": "uploads\\6ca2b2347c8c31eea679d1a40eeb6165",
      "_id": "675a877c436e180e8f0670c9",
      "__v": 0
    },
    {
      "itemName": "Noor",
      "itemDescription": "Noor",
      "category": "Sports & Fitness",
      "dateRange": "18-12-2024",
      "imageUrl": "uploads\\9450bc40568114c18e056d91d9e73de7",
      "_id": "675c22c51842f7655ac99d55",
      "__v": 0
    },
    {
      "itemName": "jude new",
      "itemDescription": "jude new",
      "category": "Electronics",
      "dateRange": "27-12-2024",
      "imageUrl": "uploads\\9fe81ae47cf9738748ba2997285336f5",
      "_id": "675c2534406702e4d2bb54f3",
      "__v": 0
    }
  ]
}